CREATE TABLE IF NOT EXISTS `app_product` (`id` integer NOT NULL PRIMARY KEY AUTO_INCREMENT, `name` varchar(100) NOT NULL, `description` text NOT NULL, `price` decimal NOT NULL, `image` varchar(100) NULL, `category` varchar(50) NOT NULL, `stock` integer unsigned NOT NULL CHECK (`stock` >= 0));
INSERT INTO app_product VALUES(1,'Pisang Goreng',unistr('Value quickly war class. Imagine travel southern state world.\u000d\u000aSource operation government open open education. Use yourself leader what ball travel professor.'),26788,'products/default.jpg','makanan',13);
INSERT INTO app_product VALUES(2,'Es Teh Manis',unistr('Perform ever chair character various force. Eat space population job. Word place subject. Simple analysis thus report.\u000aSo summer wish treat culture. Vote marriage put hand put.'),14805.8099999999995,'products/default.jpg','minuman',1);
INSERT INTO app_product VALUES(3,'Wedang Jahe',unistr('Congress better natural stock husband. Politics exist wind record short.\u000aHappy into she activity. Thought best west reflect responsibility class reveal. Activity senior against.'),14121.89999999999964,'products/default.jpg','minuman',4);
INSERT INTO app_product VALUES(4,'Indomie Kuah',unistr('Special project under similar stay door. Human woman article nature.\u000aPower successful son type section administration. Occur artist which side worker deep happy. Morning trouble participant through.'),17108.22999999999957,'products/default.jpg','makanan',16);
INSERT INTO app_product VALUES(5,'Indomie Goreng',unistr('Result establish ball while real network home price. Sell ahead conference list.\u000aHundred miss job student support.'),13201.31999999999971,'products/default.jpg','makanan',43);
INSERT INTO app_product VALUES(6,'Indomie Kuah',unistr('Plant become beat. Born child among relate take support economy. During health ever truth try.\u000aOffer response firm leave worry mean. Hard thousand develop behavior.'),13692.39999999999964,'products/default.jpg','makanan',42);
INSERT INTO app_product VALUES(7,'Martabak Mini',unistr('Age heavy ten return north hot. Peace wall air level.\u000aAmerican toward team growth say knowledge bill. Government hotel health yes hope. Force movie machine have technology.'),9387.78000000000066,'products/default.jpg','snack',14);
INSERT INTO app_product VALUES(8,'Martabak Mini',unistr('East analysis church own listen others arm station.\u000aEverybody professor world such church image. Across truth group campaign. Meeting according while heart ground claim season.'),13357.32999999999993,'products/default.jpg','snack',28);
INSERT INTO app_product VALUES(9,'Nasi Goreng','Fund record growth someone. Knowledge daughter book what. Allow could each process say quality.',24571.61000000000058,'products/default.jpg','makanan',20);
INSERT INTO app_product VALUES(10,'Indomie Kuah',unistr('Teacher type four well movie. Gas by place clear positive game arrive project. Admit go pull such window open establish.\u000aIssue in test where human respond sea sort. Defense beyond white she.'),24299.04999999999928,'products/default.jpg','makanan',24);
INSERT INTO app_product VALUES(11,'Pisang Goreng',unistr('Education activity after eye instead answer line.\u000aA toward parent way. Friend list human the those ground already. Trouble industry four over.'),29563.9900000000016,'products/default.jpg','makanan',42);
INSERT INTO app_product VALUES(12,'Kerupuk',unistr('Do organization source town prevent score. Establish big lead sometimes house.\u000aLast bit company a down nature when. Ok someone her. Describe company nor.'),10866.87999999999919,'products/default.jpg','snack',35);
INSERT INTO app_product VALUES(13,'Cappuccino','Camera argue beyond meet same either two whole. Entire ask wrong possible discussion some. Situation ago teach.',14209.38999999999942,'products/default.jpg','minuman',15);
INSERT INTO app_product VALUES(14,'Cilok',unistr('Human close music any leader show. Return girl reach increase however. Education those over always little.\u000aAdmit owner case us medical result. Ball account get nearly deep cost.'),3084.610000000000127,'products/default.jpg','snack',29);
INSERT INTO app_product VALUES(15,'Singkong Goreng',unistr('Seven many reality address two space base senior. Sit understand five chance hair direction case doctor.\u000aNecessary we suddenly detail space somebody. Allow mouth wait month.'),5034.739999999999782,'products/default.jpg','snack',12);
INSERT INTO app_product VALUES(16,'Wedang Jahe',unistr('Market cause including century.\u000aAdd impact result. Series under military affect do maybe suddenly rise. Upon sport player director.'),6255.350000000000363,'products/default.jpg','minuman',47);
INSERT INTO app_product VALUES(17,'Nasi Goreng',unistr('Question must likely year nothing those southern. Big together clear.\u000aLittle adult job third several be hard. Cause now big whole. Off understand thus cell arm per.\u000aScore talk husband station.'),11403.9400000000005,'products/default.jpg','makanan',18);
INSERT INTO app_product VALUES(18,'Pisang Goreng',unistr('Herself television actually.\u000aWeek her them interview. Result quite never need suggest wish physical. However letter expect age same also with type.'),11410.11000000000058,'products/default.jpg','makanan',28);
INSERT INTO app_product VALUES(19,'Kopi Hitam',unistr('Four support officer be require significant interest. Nation air then.\u000aFree ahead audience leg early. Truth model party popular consumer ago.'),9630.70999999999912,'products/default.jpg','minuman',23);
INSERT INTO app_product VALUES(20,'Kopi Susu','Close suddenly whom especially again case. Rock that medical describe. Management simply home none treatment.',14269.29000000000087,'products/default.jpg','minuman',43);
INSERT INTO app_product VALUES(21,'Nasi Goreng',unistr('Art cost behind. Customer perhaps reveal time member level meeting.\u000aAir outside media population some war give describe. Shoulder should serve sure. Pretty father discover heart stock toward.'),11006.47999999999957,'products/default.jpg','makanan',45);
INSERT INTO app_product VALUES(22,'Wedang Jahe','Represent page growth public above head late. Set use picture law draw attack question position. My know process admit. Keep story study difficult threat more walk.',12917.6900000000005,'products/default.jpg','minuman',5);
INSERT INTO app_product VALUES(23,'Kopi Susu',unistr('Some law sometimes daughter. Wish will adult at. Long represent behavior common smile.\u000aSpring fill official shake maybe. Prepare fill fine state.'),14016.09000000000014,'products/default.jpg','minuman',16);
INSERT INTO app_product VALUES(24,'Mie Rebus',unistr('Leave into defense rather five.\u000aCenter film game American I southern above open. Before third put form pass life indeed more. Fact strategy sit organization.\u000aThird fact item prevent whose.'),14796.77000000000043,'products/default.jpg','makanan',37);
INSERT INTO app_product VALUES(25,'Nasi Goreng',unistr('Miss great several major actually year. Be president southern easy. Price mind site. Partner parent street bed act have everyone.\u000aNight professor realize. Than suddenly impact. Democrat yes use last.'),18124.63999999999942,'products/default.jpg','makanan',34);
INSERT INTO app_product VALUES(26,'Pisang Goreng','Worker politics time actually serve Mr. Only enough young outside fund. Trade interest institution mission whatever four those.',22842.09999999999854,'products/default.jpg','makanan',25);
INSERT INTO app_product VALUES(27,'Martabak Mini','End imagine agent idea near take. Memory others white local method mention various. Federal suggest interview enjoy part challenge phone.',4455.439999999999599,'products/default.jpg','snack',25);
INSERT INTO app_product VALUES(28,'Cilok',unistr('Develop former number guy. First just why official stuff.\u000aSecurity produce cost. Response strong yet building personal pick. Meet manage responsibility.'),11014.03000000000066,'products/default.jpg','snack',22);
INSERT INTO app_product VALUES(29,'Es Teh Manis','Game wish tonight strategy research recognize. Thing center nice product have could these recent. Camera fund successful modern smile can on.',16135.1299999999992,'products/default.jpg','minuman',35);
INSERT INTO app_product VALUES(30,'Singkong Goreng',unistr('Bar with health us worry agency. Speech nothing game human industry article girl. Fear seat choice.\u000aUpon old shake save full. Happen himself arrive air.'),12631.10000000000036,'products/default.jpg','snack',33);
INSERT INTO app_product VALUES(31,'Roti Bakar','Study record blood water fight always. Exist body coach town most baby because.',21146.83000000000175,'products/default.jpg','makanan',18);
INSERT INTO app_product VALUES(32,'Kerupuk',unistr('Tonight maybe task already. Unit measure one parent listen training suffer.\u000aDown out allow. Instead toward oil among hit system near.'),3866.639999999999873,'products/default.jpg','snack',35);
INSERT INTO app_product VALUES(33,'Roti Bakar',unistr('Economic hospital standard doctor trade. Win effort environmental hold time attorney.\u000aGas very couple wind. Experience enter man cell. Continue over you station even enter.'),27830.56999999999971,'products/default.jpg','makanan',19);
INSERT INTO app_product VALUES(34,'Es Teh Manis','Not reason me long various away. Simple night senior figure send although. Risk area bag analysis particularly crime third.',7420.590000000000145,'products/default.jpg','minuman',9);
INSERT INTO app_product VALUES(35,'Tahu Crispy',unistr('Its front maybe. Power that production task population natural.\u000aItem situation him bag relationship why board.'),5013.270000000000436,'products/default.jpg','snack',33);
INSERT INTO app_product VALUES(36,'Kopi Hitam','After camera debate lawyer national language. Prove own style cause drive treat watch. Economic arm board look design cold hear.',17755.90999999999986,'products/default.jpg','minuman',25);
INSERT INTO app_product VALUES(37,'Indomie Goreng','Line recently statement must. Step spend long establish through couple drive. Able million read read many under claim back. Forget pretty indicate very technology ability hospital.',11654.82999999999993,'products/default.jpg','makanan',12);
INSERT INTO app_product VALUES(38,'Wedang Jahe',unistr('Cause development long international choice local.\u000aAlways keep traditional fight. Visit loss quickly whose top respond get arrive. Anything picture play table.'),19102.86000000000058,'products/default.jpg','minuman',10);
INSERT INTO app_product VALUES(39,'Martabak Mini','Life different financial information concern teacher or. Interview draw into better sort place at. Contain deep score pay audience.',8962.819999999999709,'products/default.jpg','snack',28);
INSERT INTO app_product VALUES(40,'Pisang Goreng',unistr('Trial suddenly expert figure herself southern lead. Republican policy run to.\u000aTen tree relationship voice. Result nice choice take.\u000aStop stage agency in rather. Natural government behavior ago sell.'),14442.4400000000005,'products/default.jpg','makanan',12);
INSERT INTO app_product VALUES(41,'Kacang Goreng','Bring year ready. Model respond policy administration. Or suffer book ahead foot above.',6413.170000000000072,'products/default.jpg','snack',5);
INSERT INTO app_product VALUES(42,'Kerupuk','Million two growth party two theory. Other various cut camera very her material. Moment would character certainly evidence industry.',7537.270000000000436,'products/default.jpg','snack',43);
INSERT INTO app_product VALUES(43,'Singkong Goreng','Within argue approach minute huge road strategy. Brother southern choose radio provide. Here travel yourself because.',5643.989999999999782,'products/default.jpg','snack',34);
INSERT INTO app_product VALUES(44,'Roti Bakar','New artist will parent dark Mrs. Success brother behind care provide our. Second three walk professional group.',17184.36999999999899,'products/default.jpg','makanan',32);
INSERT INTO app_product VALUES(45,'Pisang Goreng',unistr('Language Mr eye value yourself. Yard scene though collection occur top. Old professional major without serve cup.\u000aDraw much pick here range.'),21977.79999999999928,'products/default.jpg','makanan',48);
INSERT INTO app_product VALUES(46,'Indomie Goreng','Blood room mission account her describe. Edge born design accept important.',18620.83000000000175,'products/default.jpg','makanan',49);
INSERT INTO app_product VALUES(47,'Es Jeruk','Home speak front green nation expert. Item nothing experience high identify chair affect. On pay story front maybe. Spend serve low only get next develop interest.',18523.20999999999913,'products/default.jpg','minuman',18);
INSERT INTO app_product VALUES(48,'Wedang Jahe','Born model allow exactly technology respond continue. Meeting government culture off law rock fact. Herself issue movie left story.',7618.100000000000363,'products/default.jpg','minuman',40);
INSERT INTO app_product VALUES(49,'Cappuccino','Nothing ability crime similar phone particular. Man drug finish miss big never.',15655.23999999999979,'products/default.jpg','minuman',45);
INSERT INTO app_product VALUES(50,'Indomie Goreng',unistr('Culture unit local drive discuss. Require TV speak pretty recent. Attorney goal growth concern maintain significant.\u000aRepresent project least book charge wish someone. Arrive minute ten federal.'),27009.34999999999855,'products/default.jpg','makanan',5);
INSERT INTO app_product VALUES(51,'Pizza','Pizza Dingin',120000,'products/ERD.png','Makanan',3);
CREATE TABLE IF NOT EXISTS `app_salesreport` (`id` integer NOT NULL PRIMARY KEY AUTO_INCREMENT, `date` date NOT NULL, `total_sales` decimal NOT NULL, `total_orders` integer unsigned NOT NULL CHECK (`total_orders` >= 0));
CREATE TABLE IF NOT EXISTS `app_table` (`id` integer NOT NULL PRIMARY KEY AUTO_INCREMENT, `table_number` varchar(10) NOT NULL UNIQUE, `qr_code` varchar(100) NULL);
INSERT INTO app_table VALUES(1,'01','qr_codes/meja-01.png');
INSERT INTO app_table VALUES(2,'02','qr_codes/meja-02.png');
INSERT INTO app_table VALUES(3,'03','qr_codes/meja-03.png');
CREATE TABLE IF NOT EXISTS `app_customuser` (`id` integer NOT NULL PRIMARY KEY AUTO_INCREMENT, `password` varchar(128) NOT NULL, `last_login` datetime NULL, `is_superuser` bool NOT NULL, `username` varchar(150) NOT NULL UNIQUE, `first_name` varchar(150) NOT NULL, `last_name` varchar(150) NOT NULL, `email` varchar(254) NOT NULL, `is_staff` bool NOT NULL, `is_active` bool NOT NULL, `date_joined` datetime NOT NULL, `role` varchar(10) NOT NULL);
INSERT INTO app_customuser VALUES(1,'pbkdf2_sha256$1000000$7ve274ETWsmEkNCngBp8ji$N18iF8bqoSSHjmannNRcTrCLHkzaQAjAGjmAA3+jpU4=','2025-05-27 18:35:19.427835',1,'putramlddien','','','putramlddn@gmail.com',1,1,'2025-05-27 18:35:05.848983','customer');
INSERT INTO app_customuser VALUES(2,'pbkdf2_sha256$1000000$uBj9FHsHExLuK3nu1epFob$8Gk2z7iEyi1JRTmCQ+bR28IJTsllDi964p0dKdoZyak=','2025-07-08 12:45:24.597760',0,'kasir01','Putra','Mauluddien J','putramlddn@gmail.com',0,1,'2025-05-27 18:35:23','kasir');
CREATE TABLE IF NOT EXISTS `app_customuser_groups` (`id` integer NOT NULL PRIMARY KEY AUTO_INCREMENT, `customuser_id` bigint NOT NULL REFERENCES `app_customuser` (`id`) DEFERRABLE INITIALLY DEFERRED, `group_id` integer NOT NULL REFERENCES `auth_group` (`id`) DEFERRABLE INITIALLY DEFERRED);
CREATE TABLE IF NOT EXISTS `app_customuser_user_permissions` (`id` integer NOT NULL PRIMARY KEY AUTO_INCREMENT, `customuser_id` bigint NOT NULL REFERENCES `app_customuser` (`id`) DEFERRABLE INITIALLY DEFERRED, `permission_id` integer NOT NULL REFERENCES `auth_permission` (`id`) DEFERRABLE INITIALLY DEFERRED);
CREATE TABLE IF NOT EXISTS `app_payment` (`id` integer NOT NULL PRIMARY KEY AUTO_INCREMENT, `payment_method` varchar(50) NOT NULL, `amount_paid` decimal NOT NULL, `payment_date` datetime NOT NULL, `payment_status` varchar(50) NOT NULL, `order_id` bigint NOT NULL UNIQUE REFERENCES `app_order` (`id`) DEFERRABLE INITIALLY DEFERRED);
CREATE TABLE IF NOT EXISTS `app_orderdetail` (`id` integer NOT NULL PRIMARY KEY AUTO_INCREMENT, `quantity` integer unsigned NOT NULL CHECK (`quantity` >= 0), `price` decimal NOT NULL, `order_id` bigint NOT NULL REFERENCES `app_order` (`id`) DEFERRABLE INITIALLY DEFERRED, `product_id` bigint NOT NULL REFERENCES `app_product` (`id`) DEFERRABLE INITIALLY DEFERRED);
INSERT INTO app_orderdetail VALUES(1,1,14121.89999999999964,1,3);
INSERT INTO app_orderdetail VALUES(2,1,14805.8099999999995,1,2);
INSERT INTO app_orderdetail VALUES(3,1,14121.89999999999964,2,3);
INSERT INTO app_orderdetail VALUES(4,1,26787.7599999999984,3,1);
INSERT INTO app_orderdetail VALUES(5,2,13201.31999999999971,3,5);
INSERT INTO app_orderdetail VALUES(6,1,13357.32999999999993,3,8);
INSERT INTO app_orderdetail VALUES(7,1,14121.89999999999964,4,3);
INSERT INTO app_orderdetail VALUES(8,1,26787.7599999999984,4,1);
INSERT INTO app_orderdetail VALUES(9,1,14121.89999999999964,5,3);
INSERT INTO app_orderdetail VALUES(10,1,14805.8099999999995,5,2);
INSERT INTO app_orderdetail VALUES(11,1,14121.89999999999964,6,3);
INSERT INTO app_orderdetail VALUES(12,1,14805.8099999999995,6,2);
INSERT INTO app_orderdetail VALUES(13,1,14805.8099999999995,7,2);
INSERT INTO app_orderdetail VALUES(14,1,26787.7599999999984,7,1);
INSERT INTO app_orderdetail VALUES(15,1,14121.89999999999964,8,3);
INSERT INTO app_orderdetail VALUES(16,2,3084.610000000000127,8,14);
INSERT INTO app_orderdetail VALUES(17,1,14805.8099999999995,9,2);
INSERT INTO app_orderdetail VALUES(18,1,26787.7599999999984,9,1);
INSERT INTO app_orderdetail VALUES(19,1,9387.78000000000066,10,7);
INSERT INTO app_orderdetail VALUES(20,1,13357.32999999999993,10,8);
INSERT INTO app_orderdetail VALUES(21,1,26787.7599999999984,11,1);
INSERT INTO app_orderdetail VALUES(22,1,14805.8099999999995,11,2);
INSERT INTO app_orderdetail VALUES(23,1,14805.8099999999995,12,2);
INSERT INTO app_orderdetail VALUES(24,1,14121.89999999999964,13,3);
INSERT INTO app_orderdetail VALUES(25,1,14805.8099999999995,14,2);
INSERT INTO app_orderdetail VALUES(26,1,14121.89999999999964,14,3);
INSERT INTO app_orderdetail VALUES(27,1,14805.8099999999995,15,2);
INSERT INTO app_orderdetail VALUES(28,1,26787.7599999999984,15,1);
INSERT INTO app_orderdetail VALUES(29,1,14121.89999999999964,16,3);
INSERT INTO app_orderdetail VALUES(30,1,14805.8099999999995,16,2);
INSERT INTO app_orderdetail VALUES(31,1,14805.8099999999995,17,2);
INSERT INTO app_orderdetail VALUES(32,1,26787.7599999999984,17,1);
INSERT INTO app_orderdetail VALUES(33,1,14805.8099999999995,18,2);
INSERT INTO app_orderdetail VALUES(34,1,26787.7599999999984,18,1);
INSERT INTO app_orderdetail VALUES(35,1,14121.89999999999964,19,3);
INSERT INTO app_orderdetail VALUES(36,1,14805.8099999999995,19,2);
INSERT INTO app_orderdetail VALUES(37,1,14805.8099999999995,20,2);
INSERT INTO app_orderdetail VALUES(38,1,14121.89999999999964,20,3);
INSERT INTO app_orderdetail VALUES(39,1,26787.7599999999984,21,1);
INSERT INTO app_orderdetail VALUES(40,1,14805.8099999999995,21,2);
INSERT INTO app_orderdetail VALUES(41,2,14121.89999999999964,22,3);
INSERT INTO app_orderdetail VALUES(42,1,14805.8099999999995,22,2);
INSERT INTO app_orderdetail VALUES(43,1,14121.89999999999964,23,3);
INSERT INTO app_orderdetail VALUES(44,1,14805.8099999999995,23,2);
INSERT INTO app_orderdetail VALUES(45,1,14805.8099999999995,24,2);
INSERT INTO app_orderdetail VALUES(46,1,14121.89999999999964,24,3);
INSERT INTO app_orderdetail VALUES(47,1,14121.89999999999964,25,3);
INSERT INTO app_orderdetail VALUES(48,1,14805.8099999999995,25,2);
INSERT INTO app_orderdetail VALUES(49,1,14121.89999999999964,26,3);
INSERT INTO app_orderdetail VALUES(50,1,26787.7599999999984,26,1);
INSERT INTO app_orderdetail VALUES(51,1,26787.7599999999984,27,1);
INSERT INTO app_orderdetail VALUES(52,1,14805.8099999999995,27,2);
INSERT INTO app_orderdetail VALUES(53,1,14805.8099999999995,28,2);
INSERT INTO app_orderdetail VALUES(54,1,26787.7599999999984,28,1);
INSERT INTO app_orderdetail VALUES(55,1,14121.89999999999964,29,3);
INSERT INTO app_orderdetail VALUES(56,1,14805.8099999999995,29,2);
INSERT INTO app_orderdetail VALUES(57,1,13692.39999999999964,30,6);
INSERT INTO app_orderdetail VALUES(58,1,13201.31999999999971,30,5);
INSERT INTO app_orderdetail VALUES(59,3,14121.89999999999964,31,3);
INSERT INTO app_orderdetail VALUES(60,2,26787.7599999999984,32,1);
INSERT INTO app_orderdetail VALUES(61,1,17108.22999999999957,33,4);
INSERT INTO app_orderdetail VALUES(62,1,13201.31999999999971,33,5);
INSERT INTO app_orderdetail VALUES(63,2,14805.8099999999995,34,2);
INSERT INTO app_orderdetail VALUES(64,1,14805.8099999999995,35,2);
INSERT INTO app_orderdetail VALUES(65,1,14121.89999999999964,35,3);
INSERT INTO app_orderdetail VALUES(66,1,14805.8099999999995,36,2);
INSERT INTO app_orderdetail VALUES(67,1,13357.32999999999993,36,8);
INSERT INTO app_orderdetail VALUES(68,1,29563.9900000000016,36,11);
INSERT INTO app_orderdetail VALUES(69,1,11403.9400000000005,36,17);
INSERT INTO app_orderdetail VALUES(70,1,11006.47999999999957,36,21);
INSERT INTO app_orderdetail VALUES(71,1,14805.8099999999995,37,2);
INSERT INTO app_orderdetail VALUES(72,1,14121.89999999999964,38,3);
INSERT INTO app_orderdetail VALUES(73,1,29563.9900000000016,38,11);
INSERT INTO app_orderdetail VALUES(74,1,10866.87999999999919,38,12);
INSERT INTO app_orderdetail VALUES(75,1,3084.610000000000127,38,14);
INSERT INTO app_orderdetail VALUES(76,3,14269.29000000000087,38,20);
INSERT INTO app_orderdetail VALUES(77,1,14805.8099999999995,39,2);
INSERT INTO app_orderdetail VALUES(78,1,14121.89999999999964,39,3);
INSERT INTO app_orderdetail VALUES(79,1,13692.39999999999964,39,6);
INSERT INTO app_orderdetail VALUES(80,1,24571.61000000000058,39,9);
INSERT INTO app_orderdetail VALUES(81,1,11403.9400000000005,39,17);
INSERT INTO app_orderdetail VALUES(82,1,14016.09000000000014,39,23);
INSERT INTO app_orderdetail VALUES(83,1,17755.90999999999986,40,36);
INSERT INTO app_orderdetail VALUES(84,1,5013.270000000000436,40,35);
INSERT INTO app_orderdetail VALUES(85,1,26787.7599999999984,41,1);
INSERT INTO app_orderdetail VALUES(86,1,11654.82999999999993,42,37);
INSERT INTO app_orderdetail VALUES(87,1,18523.20999999999913,43,47);
INSERT INTO app_orderdetail VALUES(88,3,7618.100000000000363,43,48);
INSERT INTO app_orderdetail VALUES(89,1,27009.34999999999855,43,50);
INSERT INTO app_orderdetail VALUES(90,1,6413.170000000000072,43,41);
INSERT INTO app_orderdetail VALUES(91,1,7537.270000000000436,43,42);
INSERT INTO app_orderdetail VALUES(92,1,12631.10000000000036,43,30);
INSERT INTO app_orderdetail VALUES(93,1,11014.03000000000066,43,28);
INSERT INTO app_orderdetail VALUES(94,1,14805.8099999999995,44,2);
INSERT INTO app_orderdetail VALUES(95,1,9387.78000000000066,45,7);
INSERT INTO app_orderdetail VALUES(96,4,26788,46,1);
INSERT INTO app_orderdetail VALUES(97,1,14806,47,2);
INSERT INTO app_orderdetail VALUES(98,2,14122,47,3);
INSERT INTO app_orderdetail VALUES(99,1,14806,48,2);
INSERT INTO app_orderdetail VALUES(100,1,14122,48,3);
INSERT INTO app_orderdetail VALUES(101,2,17108,49,4);
INSERT INTO app_orderdetail VALUES(102,2,17108,50,4);
INSERT INTO app_orderdetail VALUES(103,1,17108,51,4);
INSERT INTO app_orderdetail VALUES(104,1,14806,52,2);
INSERT INTO app_orderdetail VALUES(105,1,13201,53,5);
INSERT INTO app_orderdetail VALUES(106,1,17108,53,4);
INSERT INTO app_orderdetail VALUES(107,1,17108,54,4);
INSERT INTO app_orderdetail VALUES(108,1,13201,54,5);
INSERT INTO app_orderdetail VALUES(109,1,14122,55,3);
INSERT INTO app_orderdetail VALUES(110,1,14806,56,2);
INSERT INTO app_orderdetail VALUES(111,1,17108,57,4);
INSERT INTO app_orderdetail VALUES(112,1,13201,57,5);
INSERT INTO app_orderdetail VALUES(113,1,17108,58,4);
INSERT INTO app_orderdetail VALUES(114,1,13201,58,5);
INSERT INTO app_orderdetail VALUES(115,1,13201,59,5);
INSERT INTO app_orderdetail VALUES(116,1,26788,60,1);
INSERT INTO app_orderdetail VALUES(117,1,17108,60,4);
INSERT INTO app_orderdetail VALUES(118,1,17108,61,4);
INSERT INTO app_orderdetail VALUES(119,1,13201,61,5);
INSERT INTO app_orderdetail VALUES(120,1,17108,62,4);
INSERT INTO app_orderdetail VALUES(121,1,13201,62,5);
INSERT INTO app_orderdetail VALUES(122,3,26788,63,1);
INSERT INTO app_orderdetail VALUES(123,2,14122,63,3);
INSERT INTO app_orderdetail VALUES(124,1,26788,64,1);
INSERT INTO app_orderdetail VALUES(125,1,14122,64,3);
INSERT INTO app_orderdetail VALUES(126,1,14122,65,3);
INSERT INTO app_orderdetail VALUES(127,1,14806,65,2);
INSERT INTO app_orderdetail VALUES(128,1,17108,66,4);
INSERT INTO app_orderdetail VALUES(129,2,13201,66,5);
INSERT INTO app_orderdetail VALUES(130,2,26788,66,1);
INSERT INTO app_orderdetail VALUES(131,1,11404,66,17);
INSERT INTO app_orderdetail VALUES(132,1,14122,67,3);
INSERT INTO app_orderdetail VALUES(133,2,26788,68,1);
INSERT INTO app_orderdetail VALUES(134,2,14806,69,2);
INSERT INTO app_orderdetail VALUES(135,1,14122,70,3);
INSERT INTO app_orderdetail VALUES(136,1,14806,70,2);
INSERT INTO app_orderdetail VALUES(137,1,14122,71,3);
INSERT INTO app_orderdetail VALUES(138,2,26788,72,1);
INSERT INTO app_orderdetail VALUES(139,2,17108,73,4);
INSERT INTO app_orderdetail VALUES(140,1,14122,74,3);
INSERT INTO app_orderdetail VALUES(141,1,13201,75,5);
INSERT INTO app_orderdetail VALUES(142,1,14806,76,2);
CREATE TABLE IF NOT EXISTS `app_cart` (`id` integer NOT NULL PRIMARY KEY AUTO_INCREMENT, `quantity` integer unsigned NOT NULL CHECK (`quantity` >= 0), `date_added` datetime NOT NULL, `user_id` bigint NOT NULL REFERENCES `app_customuser` (`id`) DEFERRABLE INITIALLY DEFERRED, `product_id` bigint NOT NULL REFERENCES `app_product` (`id`) DEFERRABLE INITIALLY DEFERRED);
CREATE TABLE IF NOT EXISTS `django_admin_log` (`id` integer NOT NULL PRIMARY KEY AUTO_INCREMENT, `object_id` text NULL, `object_repr` varchar(200) NOT NULL, `action_flag` smallint unsigned NOT NULL CHECK (`action_flag` >= 0), `change_message` text NOT NULL, `content_type_id` integer NULL REFERENCES `django_content_type` (`id`) DEFERRABLE INITIALLY DEFERRED, `user_id` bigint NOT NULL REFERENCES `app_customuser` (`id`) DEFERRABLE INITIALLY DEFERRED, `action_time` datetime NOT NULL);
INSERT INTO django_admin_log VALUES(1,'2','kasir01',1,'[{`added`: {}}]',9,1,'2025-05-27 18:35:53.007589');
INSERT INTO django_admin_log VALUES(2,'1','Table Meja 01',1,'[{`added`: {}}]',8,1,'2025-05-27 18:37:37.641662');
INSERT INTO django_admin_log VALUES(3,'2','Table Meja 02',1,'[{`added`: {}}]',8,1,'2025-05-27 18:37:43.527206');
INSERT INTO django_admin_log VALUES(4,'3','Table Meja 03',1,'[{`added`: {}}]',8,1,'2025-05-27 18:37:49.757398');
INSERT INTO django_admin_log VALUES(5,'3','Table 03',2,'[{`changed`: {`fields`: [`Table number`]}}]',8,1,'2025-05-27 18:38:10.324595');
INSERT INTO django_admin_log VALUES(6,'2','Table 02',2,'[{`changed`: {`fields`: [`Table number`]}}]',8,1,'2025-05-27 18:38:16.221711');
INSERT INTO django_admin_log VALUES(7,'1','Table 01',2,'[{`changed`: {`fields`: [`Table number`]}}]',8,1,'2025-05-27 18:38:30.387507');
INSERT INTO django_admin_log VALUES(8,'1','Order #1 by kasir01',2,'[{`changed`: {`fields`: [`Status`]}}]',10,1,'2025-05-27 18:55:30.930719');
INSERT INTO django_admin_log VALUES(9,'2','Order #2 by kasir01',2,'[{`changed`: {`fields`: [`Status`, `Payment status`]}}]',10,1,'2025-05-27 19:08:08.051607');
INSERT INTO django_admin_log VALUES(10,'1','Order #1 by kasir01',2,'[{`changed`: {`fields`: [`Payment status`]}}]',10,1,'2025-05-27 19:08:14.219086');
INSERT INTO django_admin_log VALUES(11,'3','Order #3 by kasir01',2,'[{`changed`: {`fields`: [`Status`, `Payment status`]}}]',10,1,'2025-05-27 19:08:21.460640');
INSERT INTO django_admin_log VALUES(12,'2','kasir01',2,'[{`changed`: {`fields`: [`password`]}}]',9,1,'2025-05-28 12:23:38.035324');
INSERT INTO django_admin_log VALUES(13,'57','Order #57 by Kasir',2,'[{`changed`: {`fields`: [`Status`]}}]',10,1,'2025-06-07 15:10:59.897453');
INSERT INTO django_admin_log VALUES(14,'61','Order #61 by Customer (085156234415)',2,'[{`changed`: {`fields`: [`Payment method`, `Customer name`]}}]',10,1,'2025-06-07 18:23:12.271182');
CREATE TABLE IF NOT EXISTS `django_session` (`session_key` varchar(40) NOT NULL PRIMARY KEY, `session_data` text NOT NULL, `expire_date` datetime NOT NULL);
INSERT INTO django_session VALUES('1pu32mcxse3bm5n9g8vlp2t8bozkauov','.eJxVjM0OwiAQhN-FsyHy0wIevfsMZNldpGogKe3J-O62SQ-azGm-b-YtIqxLiWvnOU4kLkKL02-XAJ9cd0APqPcmsdVlnpLcFXnQLm-N-HU93L-DAr1s6zxiAmedzoNGRPKjJxs4gDFoeEtGyDw4zCaYQD6dg9UKlSb25BWLzxcVLzkJ:1uKD2I:lok02jqOA5c_fbWNWnKTD50zGjA4ddtX3718p4ayxog','2025-06-11 09:25:22.548175');
INSERT INTO django_session VALUES('fgesxlvmhubuy3pdkyf41lzz91p3052z','.eJxVjM0OwiAQhN-FsyHy0wIevfsMZNldpGogKe3J-O62SQ-azGm-b-YtIqxLiWvnOU4kLkKL02-XAJ9cd0APqPcmsdVlnpLcFXnQLm-N-HU93L-DAr1s6zxiAmedzoNGRPKjJxs4gDFoeEtGyDw4zCaYQD6dg9UKlSb25BWLzxcVLzkJ:1uKDgJ:LGyy23mvVjl4zOtcXf6ugq4qPEOrs1HEW5uwJtJG1ik','2025-06-11 10:06:43.222096');
INSERT INTO django_session VALUES('jxjsenq8bpnfhi9v9kzfph2y13j84txo','.eJxVjM0OwiAQhN-FsyHy0wIevfsMZNldpGogKe3J-O62SQ-azGm-b-YtIqxLiWvnOU4kLkKL02-XAJ9cd0APqPcmsdVlnpLcFXnQLm-N-HU93L-DAr1s6zxiAmedzoNGRPKjJxs4gDFoeEtGyDw4zCaYQD6dg9UKlSb25BWLzxcVLzkJ:1uKE22:4cBcD3bFoR-PubpqZlY9q1-si_-4qru7nhWbAInndmI','2025-06-11 10:29:10.701996');
INSERT INTO django_session VALUES('ilddfr7lk2g1e8vays0x17j0laisd7fm','.eJxVjM0OwiAQhN-FsyHy0wIevfsMZNldpGogKe3J-O62SQ-azGm-b-YtIqxLiWvnOU4kLkKL02-XAJ9cd0APqPcmsdVlnpLcFXnQLm-N-HU93L-DAr1s6zxiAmedzoNGRPKjJxs4gDFoeEtGyDw4zCaYQD6dg9UKlSb25BWLzxcVLzkJ:1uKE6k:8a8lLD6dJY3yPuySpB-N-f_W5AuHH4SXiJcP1zenRWc','2025-06-11 10:34:02.110126');
INSERT INTO django_session VALUES('5f3b0cdvbycoiuib5s5jksmxmek1dun2','.eJxVjM0OwiAQhN-FsyHy0wIevfsMZNldpGogKe3J-O62SQ-azGm-b-YtIqxLiWvnOU4kLkKL02-XAJ9cd0APqPcmsdVlnpLcFXnQLm-N-HU93L-DAr1s6zxiAmedzoNGRPKjJxs4gDFoeEtGyDw4zCaYQD6dg9UKlSb25BWLzxcVLzkJ:1uKEOs:l4Zs3KgwuBAd9od_7OSKq-H5j5R4-3QQXUzNQz-391o','2025-06-11 10:52:46.593559');
INSERT INTO django_session VALUES('0zz2y166o7vif92h8iee93h5f2flnwph','e30:1uKFll:moBlXERJflYAZv7buWqhcaSLG59-JbRnqguFLcjPxtA','2025-06-11 12:20:29.172418');
INSERT INTO django_session VALUES('675oukac0w50e4g98vg013wc0s18zl4c','.eJxVjM0OwiAQhN-FsyHy0wIevfsMZNldpGogKe3J-O62SQ-azGm-b-YtIqxLiWvnOU4kLkKL02-XAJ9cd0APqPcmsdVlnpLcFXnQLm-N-HU93L-DAr1s6zxiAmedzoNGRPKjJxs4gDFoeEtGyDw4zCaYQD6dg9UKlSb25BWLzxcVLzkJ:1uKFmt:Ut8qQ1sfterCVcpuMu8v2JUUbmUyymreIm879ufDnI0','2025-06-11 12:21:39.599444');
INSERT INTO django_session VALUES('ganwl6phn4wfwdg2w67eoxm0p73rnpbr','.eJxVjjtyxSAMRfdCHXsAI4FSps8aGPGLnQ-8eeAqk70Hz7wiaVTonnukb-H5HLs_e777I4lnocTT313g-JHrFaR3rm9tja2O-xHWC1kfaV9fW8qfLw_2n2Dnvs82oNMOSVmUoBJsAaO2ZFUoVjJmpw3qVIgiFmLJqoDdICFNyhQEOaVt3HzPvR-t-tHmpanNhQ0A6QWSpsVk0MtUhGsoMsYlDmVW49lH-5rf3PZW8-xJBwpQb8YoED-_KAlRlw:1uKeRn:OWYH44Y4vtswJM6eOUbK6J38NsJ0_9J2ruHJ3KWlaBU','2025-06-12 14:41:31.444833');
INSERT INTO django_session VALUES('qlv5q37ffm0pt56t8r40lngzu601uroe','.eJxVjMsOwiAQRf-FtSG8BZfu-w1kGAapGkhKuzL-uzbpQrf3nHNfLMK21rgNWuKc2YUpdvrdEuCD2g7yHdqtc-xtXebEd4UfdPCpZ3peD_fvoMKo31oGCIUsubOTFBRkYawTUmlVNAZpUIeMgNalYHwSRFCyJDLGSwcFPHt_AN4gODY:1uKFp1:v277pjQDTfoqoHKSIKB5ZKoohbOddxM-l9ynyszv3pc','2025-06-11 12:23:51.875915');
INSERT INTO django_session VALUES('obtvcwponkdbwzzdeztzk2pptbjmhsgs','.eJxVjMsOwiAQRf-FtSG8BZfu-w1kGAapGkhKuzL-uzbpQrf3nHNfLMK21rgNWuKc2YUpdvrdEuCD2g7yHdqtc-xtXebEd4UfdPCpZ3peD_fvoMKo31oGCIUsubOTFBRkYawTUmlVNAZpUIeMgNalYHwSRFCyJDLGSwcFPHt_AN4gODY:1uKbsQ:vq_lKYXD4EluM_qtwmUX7mECOC2qNi8TZ6bjIiMMK1g','2025-06-12 11:56:50.768343');
INSERT INTO django_session VALUES('if9bqskbaz38yy8w2z3muv3w0wfxb4rs','.eJxVj8tOBCEQRX_FsLY7vKdx6dJkEv-AFFDYqAMTHm6M_y6dTIyzrXNuVd1vUvrVNmwtlWx7-cBMnogzQTjGYZHOx0VuNCwOHV1OPqAXIgCiII_Ej9bLBau97iXjzNFNMaW5kJKpyS2MvtvRppHCxPx-5sDPcwcI75DfyupL7jW59VDWG23ruQT8fL65dwt2aPtMMwMmokJ90gwNh0Cl0pRxwaPwhkkvTPDglXZGbo4iQgwMUcqNaYiw_W-S4XIUeR29wsP5ZaLU7B_9wppiwvlyrwN_fgFUXGg4:1uKj4e:_YLxtIUNGSw45v4Kg38yPphZvBRIl98_-378PnAmwYs','2025-06-12 19:37:56.235004');
INSERT INTO django_session VALUES('mm3vtrk589bwj4bngoq8txjbvfzmwvo4','.eJxNy00KwjAQQOGryKwN5GeiTY9QELxBSOwUgzQpmcSNeHfrRlx_772gtM0zMaeSfSsPyjCClNGhRhIa0Qkc7CwCOhQUlhiDMWejIhzh1rmVlarPYaV9u_ZWw-Ey_dN2L_lrcrDKnrRBVHb3xP6XPKmmJdEMY6ud3h9tSS9Z:1uNrSP:Hn_IYsGyXSDJ6eXhL140Sbw_VVvISCfgeIv87PA6iac','2025-06-21 11:11:25.319244');
INSERT INTO django_session VALUES('938vg826j9c3wut4zt115c9pcmon41g5','.eJxNy00KwjAQQOGryKwNdJJJE3sEQfAGoaZTDNKk5MdN6d2tG3H9vbdBqqsrXEpI0dX04ggDWMVSK_LiIYkEGURh-_kiSE3Gdh4lsoEz-FZqWji7OC58bPdW83i6Xf9pfab4tc5q1L1URKgPD8X9kjfnMAeeYKi58f4BKP0upQ:1uNyIy:zflE827tmbDO7EVIjgfsLQcDjBRCcjRWuIPnerDiO0E','2025-06-21 18:30:08.975355');
INSERT INTO django_session VALUES('otyt4bgq8f2tpkovd1rjmg11i8wkny8c','.eJxNy0EOwiAQQNGrmFlLUigg9AhNTLwBaTvTSEyhYcCN8e7WjXH9_n9BrntgYo45hZoflGCAGZ3GXs7CrvYitCMpfLc4oSx6lB5RGYQzLI1r3qiENG10bLdWy3S6jv-033P6WueMNFb1WktzeOTwS55U4hoJYail0fsDlBQvog:1uNzxh:DQ2tfWKUvmST_myQsGx3_DNxpnjvYa6sm9GBmGRbDLA','2025-06-21 20:16:17.388608');
INSERT INTO django_session VALUES('qe7bsu98uukwi2q7i4i166aab23npttk','.eJxVjMsOwiAQRf-FtSG8BZfu-w1kGAapGkhKuzL-uzbpQrf3nHNfLMK21rgNWuKc2YUpdvrdEuCD2g7yHdqtc-xtXebEd4UfdPCpZ3peD_fvoMKo31oGCIUsubOTFBRkYawTUmlVNAZpUIeMgNalYHwSRFCyJDLGSwcFPHt_AN4gODY:1uOfGa:7LQQdtoaLpUBrjoYQbEikIvvwgTCWKPSe-TFZSSOjHw','2025-06-23 16:22:32.401529');
INSERT INTO django_session VALUES('k2082uhlbkas9xck5dpd46jtjo40lv5w','.eJxVjMsOwiAQRf-FtSG8BZfu-w1kGAapGkhKuzL-uzbpQrf3nHNfLMK21rgNWuKc2YUpdvrdEuCD2g7yHdqtc-xtXebEd4UfdPCpZ3peD_fvoMKo31oGCIUsubOTFBRkYawTUmlVNAZpUIeMgNalYHwSRFCyJDLGSwcFPHt_AN4gODY:1uOfOt:Apg24izw4-Kf5eHRbNmSMg9QGUzOHcawtUS0EWX0t1s','2025-06-23 16:31:07.462264');
INSERT INTO django_session VALUES('h9cdqmxc75xlico73jrtqtt5l80wsy60','.eJxNyzEOAiEQQNGrmKklgRVw2c7Ga5BxGSIxwIYBG-PdXRtj_f5_Qe2bZ2JOtfheH1RggQmlMdGSsCsqoV10wlkbhdQ3F_V8RgoSjrAO7jVT8wUz7dslYD5cUws4-J-3ey1fl7NRxk4nrZXaPbH_JU9qKSYKsPQ26P0BY4QxPQ:1uOfaP:LTK7SnVetKXW2FQtStcHw0nKGSC8K6_feFqGMQqTBl0','2025-06-23 16:43:01.765169');
INSERT INTO django_session VALUES('mzm3ktzzvhkn2eypfdkbh8jhjomqxyg1','.eJxVjMsOwiAQRf-FtSG8BZfu-w1kGAapGkhKuzL-uzbpQrf3nHNfLMK21rgNWuKc2YUpdvrdEuCD2g7yHdqtc-xtXebEd4UfdPCpZ3peD_fvoMKo31oGCIUsubOTFBRkYawTUmlVNAZpUIeMgNalYHwSRFCyJDLGSwcFPHt_AN4gODY:1uOffr:lib8KsfuX3hgYINmYX5H75TAM8kuLzBg7kUEFR9ERoY','2025-06-23 16:48:39.364548');
INSERT INTO django_session VALUES('8hsw7tyfowh1uqd9gldeid9gdz8x1ugq','.eJxVjMsOwiAQRf-FtSG8BZfu-w1kGAapGkhKuzL-uzbpQrf3nHNfLMK21rgNWuKc2YUpdvrdEuCD2g7yHdqtc-xtXebEd4UfdPCpZ3peD_fvoMKo31oGCIUsubOTFBRkYawTUmlVNAZpUIeMgNalYHwSRFCyJDLGSwcFPHt_AN4gODY:1uZ7hM:U8rQA15FFmxRl4pjmqFwuYCiIYEPMcBepAG5XxJweYU','2025-07-22 12:45:24.603605');
CREATE TABLE IF NOT EXISTS `app_customerotpsession` (`id` integer NOT NULL PRIMARY KEY AUTO_INCREMENT, `phone_number` varchar(20) NOT NULL, `otp_code` varchar(6) NOT NULL, `created_at` datetime NOT NULL, `expires_at` datetime NOT NULL, `is_verified` bool NOT NULL, `session_token` varchar(64) NOT NULL UNIQUE);
INSERT INTO app_customerotpsession VALUES(1,'085156234415','669234','2025-05-29 13:01:32.781339','2025-05-29 13:06:32.781017',0,'ac80c9e2-4958-4ce0-8d6b-400172632ecb');
INSERT INTO app_customerotpsession VALUES(2,'085156234415','929258','2025-05-29 13:04:32.369647','2025-05-29 13:09:32.369225',1,'63dc32b5-d192-4c40-8cb8-81b0a69cc96c');
INSERT INTO app_customerotpsession VALUES(3,'085156234415','190895','2025-05-29 13:06:31.671023','2025-05-29 13:11:31.670824',1,'3e24d435-7742-43a1-b915-d38eada751e3');
INSERT INTO app_customerotpsession VALUES(4,'085156234415','959601','2025-05-29 13:15:21.240823','2025-05-29 13:20:21.240552',1,'97284642-7df2-49ad-927e-56997891ff1f');
INSERT INTO app_customerotpsession VALUES(5,'085156234415','330951','2025-05-29 13:15:33.663757','2025-05-29 13:20:33.663578',1,'6cd8274a-2826-4d15-bcc8-755eee97b7c1');
INSERT INTO app_customerotpsession VALUES(6,'085156234415','428817','2025-05-29 13:17:32.817771','2025-05-29 13:22:32.817488',1,'89f2cc7e-4a7d-4d90-ba1e-cb96b01c568e');
INSERT INTO app_customerotpsession VALUES(7,'085156234415','746363','2025-05-29 14:27:38.161232','2025-05-29 14:32:38.160893',0,'7e71c8ff-e5bc-4aeb-9607-64b3684aa3cc');
INSERT INTO app_customerotpsession VALUES(8,'085156234415','743408','2025-05-29 14:33:57.902336','2025-05-29 14:38:57.901855',0,'32f26db4-0a54-4480-b576-daff2b3c6710');
INSERT INTO app_customerotpsession VALUES(9,'085156234415','361167','2025-05-29 14:34:14.233232','2025-05-29 14:39:14.233046',1,'13e6c08f-4c29-48a8-8610-ae0ebdb87276');
INSERT INTO app_customerotpsession VALUES(10,'085156234415','830388','2025-05-29 14:41:18.227466','2025-05-29 14:46:18.227261',1,'efa45592-5d29-4e52-9c6b-9c619448dabf');
INSERT INTO app_customerotpsession VALUES(11,'085156234415','497235','2025-05-29 19:37:44.999155','2025-05-29 19:42:44.998858',1,'b9d3b12a-4bcf-480d-beb0-7cdec33daee3');
INSERT INTO app_customerotpsession VALUES(12,'085156234415','393636','2025-06-02 11:44:21.327655','2025-06-02 11:49:21.327319',1,'1d9973c8-07ab-4574-9edd-85d49e71f438');
INSERT INTO app_customerotpsession VALUES(13,'085156234415','797119','2025-06-07 10:57:28.842070','2025-06-07 11:02:28.841695',1,'25247731-cf2a-45aa-9804-0bd9bf70e47b');
INSERT INTO app_customerotpsession VALUES(14,'085156234415','112633','2025-06-07 11:11:15.549759','2025-06-07 11:16:15.549516',1,'00b9424e-2449-485d-a494-eafbba33731b');
INSERT INTO app_customerotpsession VALUES(15,'085156234415','594315','2025-06-07 11:18:02.260366','2025-06-07 11:23:02.260115',1,'d3ff6573-26e6-470e-b429-280f7f4e6a0e');
INSERT INTO app_customerotpsession VALUES(16,'085156234415','463579','2025-06-07 11:53:50.303162','2025-06-07 11:58:50.302169',1,'245afa10-05e4-41c5-b89f-1b087db34407');
INSERT INTO app_customerotpsession VALUES(17,'085156234415','743390','2025-06-07 13:50:25.836650','2025-06-07 13:55:25.835424',1,'4694ca8b-f2a2-4850-8898-5c53be6a61d5');
INSERT INTO app_customerotpsession VALUES(18,'085156234415','210453','2025-06-07 15:03:01.207247','2025-06-07 15:08:01.206821',1,'d7526222-2ff9-4d75-8ebf-115e0853ddb9');
INSERT INTO app_customerotpsession VALUES(19,'085156234415','420797','2025-06-07 18:24:14.327684','2025-06-07 18:29:14.326675',1,'fa8de236-8b6f-457f-b28e-020065f41e02');
INSERT INTO app_customerotpsession VALUES(20,'085156234415','226996','2025-06-07 18:29:58.323495','2025-06-07 18:34:58.323318',1,'83e2534c-b244-4711-86f9-43d780c121e7');
INSERT INTO app_customerotpsession VALUES(21,'085156234415','599548','2025-06-07 19:54:01.031223','2025-06-07 19:59:01.030945',1,'14220e16-12da-469d-ae86-c75ecc2a3321');
INSERT INTO app_customerotpsession VALUES(22,'085156234415','748376','2025-06-07 20:16:07.086611','2025-06-07 20:21:07.086126',1,'bd84d31b-6f67-48e1-90c8-26d9d19dd25d');
INSERT INTO app_customerotpsession VALUES(23,'085156234415','670926','2025-06-09 11:33:36.666597','2025-06-09 11:38:36.665969',1,'131fa1da-f05d-43a7-a5b0-2da1bf22c739');
INSERT INTO app_customerotpsession VALUES(24,'085156234415','811153','2025-06-09 15:56:53.535630','2025-06-09 16:01:53.533788',1,'00912388-8a99-46c2-a6b1-2af7103fb1e1');
INSERT INTO app_customerotpsession VALUES(25,'085156234411','213555','2025-06-09 16:42:41.046766','2025-06-09 16:47:41.046536',1,'2a055f6e-6ca1-49f9-966f-04b9f487aed0');
CREATE TABLE IF NOT EXISTS `app_order` (`id` integer NOT NULL PRIMARY KEY AUTO_INCREMENT, `total_price` decimal NOT NULL, `payment_status` varchar(50) NOT NULL, `source` varchar(10) NOT NULL, `notes` text NULL, `phone_number` varchar(15) NULL, `date_ordered` datetime NOT NULL, `kasir_id` bigint NULL REFERENCES `app_customuser` (`id`) DEFERRABLE INITIALLY DEFERRED, `user_id` bigint NULL REFERENCES `app_customuser` (`id`) DEFERRABLE INITIALLY DEFERRED, `table_id` bigint NULL REFERENCES `app_table` (`id`) DEFERRABLE INITIALLY DEFERRED, `payment_method` varchar(20) NOT NULL, `status` varchar(50) NOT NULL, `customer_name` varchar(100) NULL);
INSERT INTO app_order VALUES(1,28927.70999999999913,'Paid','manual','Arsya Pramudita',NULL,'2025-05-27 18:39:05.885587',2,2,1,'cash','Completed',NULL);
INSERT INTO app_order VALUES(2,14121.89999999999964,'Paid','manual','Jawa',NULL,'2025-05-27 19:07:14.750289',2,2,2,'cash','Completed',NULL);
INSERT INTO app_order VALUES(3,66547.72999999999593,'Paid','manual','Juni',NULL,'2025-05-27 19:07:36.732032',2,2,3,'cash','Processing',NULL);
INSERT INTO app_order VALUES(4,40909.6600000000035,'Pending','manual','Madura',NULL,'2025-05-27 19:49:29.005790',2,2,3,'cash','Pending',NULL);
INSERT INTO app_order VALUES(5,28927.70999999999913,'Paid','manual','Jawa 5',NULL,'2025-05-27 19:55:28.214725',2,2,2,'cash','Completed',NULL);
INSERT INTO app_order VALUES(6,28927.70999999999913,'Unpaid','manual','Jawa 6',NULL,'2025-05-27 20:14:53.856386',2,2,2,'cash','Processing',NULL);
INSERT INTO app_order VALUES(7,41593.56999999999971,'Paid','manual','Jawa 7',NULL,'2025-05-27 20:19:47.753252',2,2,2,'cash','Completed',NULL);
INSERT INTO app_order VALUES(8,20291.11999999999899,'Unpaid','manual','Testing 01',NULL,'2025-05-27 20:24:46.803030',2,2,3,'cash','Processing',NULL);
INSERT INTO app_order VALUES(9,41593.56999999999971,'Unpaid','manual','Testing 02',NULL,'2025-05-27 20:25:48.407022',2,2,1,'cash','Processing',NULL);
INSERT INTO app_order VALUES(10,22745.11000000000058,'Unpaid','manual','Testing 03',NULL,'2025-05-27 20:26:47.304204',2,2,1,'cash','Processing',NULL);
INSERT INTO app_order VALUES(11,41593.56999999999971,'Unpaid','manual','Jawa',NULL,'2025-05-27 20:29:13.847389',2,2,2,'cash','Processing',NULL);
INSERT INTO app_order VALUES(12,14805.8099999999995,'Unpaid','manual','Testing 04',NULL,'2025-05-27 20:30:46.557526',2,2,1,'cash','Processing',NULL);
INSERT INTO app_order VALUES(13,14121.89999999999964,'Unpaid','manual','Jawa 11',NULL,'2025-05-27 20:39:14.429956',2,2,1,'cash','Processing',NULL);
INSERT INTO app_order VALUES(14,28927.70999999999913,'Unpaid','manual','Jawa 7',NULL,'2025-05-28 08:21:44.378624',2,2,1,'cash','Processing',NULL);
INSERT INTO app_order VALUES(15,41593.56999999999971,'Unpaid','manual','Test 01',NULL,'2025-05-28 08:38:25.031246',2,2,2,'cash','Processing',NULL);
INSERT INTO app_order VALUES(16,28927.70999999999913,'Unpaid','manual','Testing 05',NULL,'2025-05-28 08:43:52.568636',2,2,1,'cash','Processing',NULL);
INSERT INTO app_order VALUES(17,41593.56999999999971,'Unpaid','manual','Test 02',NULL,'2025-05-28 08:52:41.202243',2,2,1,'cash','Processing',NULL);
INSERT INTO app_order VALUES(18,41593.56999999999971,'Unpaid','manual','Jawa',NULL,'2025-05-28 08:53:23.451145',2,2,1,'cash','Processing',NULL);
INSERT INTO app_order VALUES(19,28927.70999999999913,'Unpaid','manual','Jawa',NULL,'2025-05-28 09:25:55.067589',2,2,1,'cash','Processing',NULL);
INSERT INTO app_order VALUES(20,28927.70999999999913,'Unpaid','manual','Test 03',NULL,'2025-05-28 09:27:22.121632',2,2,1,'cash','Processing',NULL);
INSERT INTO app_order VALUES(21,41593.56999999999971,'Unpaid','manual','Test 04',NULL,'2025-05-28 09:31:24.993242',2,2,1,'cash','Processing',NULL);
INSERT INTO app_order VALUES(22,43049.61000000000058,'Unpaid','manual','FIX BISA',NULL,'2025-05-28 09:45:25.738860',2,2,1,'cash','Processing',NULL);
INSERT INTO app_order VALUES(23,28927.70999999999913,'Unpaid','manual','Test 05',NULL,'2025-05-28 10:03:13.122237',2,2,2,'cash','Processing',NULL);
INSERT INTO app_order VALUES(24,28927.70999999999913,'Unpaid','manual','',NULL,'2025-05-28 10:03:33.397811',2,2,NULL,'cash','Processing',NULL);
INSERT INTO app_order VALUES(25,28927.70999999999913,'Unpaid','manual','asd',NULL,'2025-05-28 10:04:18.277902',2,2,1,'cash','Processing',NULL);
INSERT INTO app_order VALUES(26,40909.6600000000035,'Unpaid','manual','Test 06',NULL,'2025-05-28 10:08:39.855949',2,2,1,'cash','Processing',NULL);
INSERT INTO app_order VALUES(27,41593.56999999999971,'Unpaid','manual','Test 07',NULL,'2025-05-28 10:12:16.668695',2,2,2,'cash','Processing',NULL);
INSERT INTO app_order VALUES(28,41593.56999999999971,'Unpaid','manual','Test 07',NULL,'2025-05-28 10:20:53.957116',2,2,2,'cash','Processing',NULL);
INSERT INTO app_order VALUES(29,28927.70999999999913,'Unpaid','manual','',NULL,'2025-05-28 10:24:30.676013',2,2,NULL,'cash','Processing',NULL);
INSERT INTO app_order VALUES(30,26893.72000000000116,'Paid','manual','Test 08',NULL,'2025-05-28 10:30:29.874888',2,2,2,'cash','Completed',NULL);
INSERT INTO app_order VALUES(31,42365.69999999999708,'Unpaid','manual','Test 09',NULL,'2025-05-28 10:30:53.891133',2,2,1,'cash','Processing',NULL);
INSERT INTO app_order VALUES(32,53575.5199999999968,'Pending','manual','78',NULL,'2025-05-28 10:37:28.101741',2,2,1,'cash','Processing',NULL);
INSERT INTO app_order VALUES(33,30309.54999999999928,'Pending','manual','79',NULL,'2025-05-28 10:38:51.822846',2,2,3,'cash','Processing',NULL);
INSERT INTO app_order VALUES(34,29611.61999999999899,'Pending','manual','Test 08',NULL,'2025-05-28 10:43:23.821499',2,2,1,'cash','Processing',NULL);
INSERT INTO app_order VALUES(35,28927.70999999999913,'Pending','manual','Test 10',NULL,'2025-05-28 10:46:50.821083',2,2,1,'cash','Processing',NULL);
INSERT INTO app_order VALUES(36,80137.55000000000291,'Paid','manual','Test 11',NULL,'2025-05-28 10:54:27.325796',2,2,1,'cash','Completed',NULL);
INSERT INTO app_order VALUES(37,14805.8099999999995,'Pending','manual','FINAL',NULL,'2025-05-28 10:57:54.545434',2,2,1,'cash','Processing',NULL);
INSERT INTO app_order VALUES(38,100445.25,'Pending','manual','FINAL BANGET',NULL,'2025-05-28 10:59:00.749873',2,2,3,'cash','Processing',NULL);
INSERT INTO app_order VALUES(39,92611.75,'Paid','manual','BISA',NULL,'2025-05-28 11:34:26.158829',2,2,3,'cash','Completed',NULL);
INSERT INTO app_order VALUES(40,22769.18000000000029,'Paid','manual','COBA LAGI',NULL,'2025-05-28 11:35:19.517074',2,2,1,'cash','Completed',NULL);
INSERT INTO app_order VALUES(41,26787.7599999999984,'Pending','manual','COBA TERAKHIR',NULL,'2025-05-28 11:39:02.871025',2,2,1,'cash','Processing',NULL);
INSERT INTO app_order VALUES(42,11654.82999999999993,'Pending','manual','GA BISA LAGI',NULL,'2025-05-28 11:41:04.921307',2,2,2,'cash','Processing',NULL);
INSERT INTO app_order VALUES(43,105982.429999999993,'Paid','manual','',NULL,'2025-05-28 11:42:06.657520',2,2,NULL,'cash','Processing',NULL);
INSERT INTO app_order VALUES(44,14805.8099999999995,'Paid','manual','TEST LAGIII',NULL,'2025-05-28 11:43:18.863531',2,2,2,'cash','Completed',NULL);
INSERT INTO app_order VALUES(45,9387.78000000000066,'Paid','manual','Fufufafa',NULL,'2025-05-28 12:24:22.413676',2,2,2,'cash','Processing',NULL);
INSERT INTO app_order VALUES(46,107152,'Pending','qr_scan','Pelanggan QR','085156234415','2025-05-29 13:19:32.349764',NULL,NULL,1,'cash','Processing',NULL);
INSERT INTO app_order VALUES(47,43050,'Pending','qr_scan','Pelanggan QR','085156234415','2025-05-29 14:34:53.966659',NULL,NULL,1,'cash','Processing',NULL);
INSERT INTO app_order VALUES(48,28928,'Pending','qr_scan','Pelanggan QR','085156234415','2025-05-29 14:36:04.737216',NULL,NULL,1,'cash','Processing',NULL);
INSERT INTO app_order VALUES(49,34216,'Pending','qr_scan','','085156234415','2025-05-29 19:52:49.058771',NULL,NULL,1,'cash','Pending',NULL);
INSERT INTO app_order VALUES(50,34216,'Pending','qr_scan','','085156234415','2025-05-29 19:52:51.811148',NULL,NULL,1,'cash','Pending',NULL);
INSERT INTO app_order VALUES(51,17108,'Pending','qr_scan','','085156234415','2025-05-29 19:53:44.048953',NULL,NULL,2,'cash','Pending',NULL);
INSERT INTO app_order VALUES(52,14806,'Pending','manual','Putra MJ',NULL,'2025-06-07 11:20:28.788827',2,2,1,'cash','Processing',NULL);
INSERT INTO app_order VALUES(53,30309,'Paid','qr_scan','','085156234415','2025-06-07 11:24:33.238548',NULL,NULL,1,'cash','Pending',NULL);
INSERT INTO app_order VALUES(54,30309,'Paid','qr_scan','','085156234415','2025-06-07 11:31:11.990443',NULL,NULL,1,'cash','Pending',NULL);
INSERT INTO app_order VALUES(55,14122,'Pending','manual','Jawa Jawa',NULL,'2025-06-07 11:34:38.545561',2,2,NULL,'cash','Processing',NULL);
INSERT INTO app_order VALUES(56,14806,'Pending','manual','HUA',NULL,'2025-06-07 12:15:22.229443',2,2,NULL,'cash','Processing',NULL);
INSERT INTO app_order VALUES(57,30309,'Paid','qr_scan','','085156234415','2025-06-07 15:09:40.667301',NULL,NULL,1,'cash','Processing',NULL);
INSERT INTO app_order VALUES(58,30309,'Paid','qr_scan','','085156234415','2025-06-07 16:51:07.325117',NULL,NULL,2,'cash','Pending',NULL);
INSERT INTO app_order VALUES(59,13201,'Paid','qr_scan','','085156234415','2025-06-07 16:53:31.035082',NULL,NULL,1,'cash','Pending',NULL);
INSERT INTO app_order VALUES(60,43896,'Paid','qr_scan','','085156234415','2025-06-07 17:13:52.691388',NULL,NULL,2,'midtrans','Processing',NULL);
INSERT INTO app_order VALUES(61,30309,'Paid','qr_scan','','085156234415','2025-06-07 17:51:00.610290',NULL,NULL,1,'cash','Processing','Putra MJ');
INSERT INTO app_order VALUES(62,30309,'Paid','qr_scan','','085156234415','2025-06-07 18:25:00.630933',NULL,NULL,3,'midtrans','Processing','Putra MJ');
INSERT INTO app_order VALUES(63,108608,'Paid','manual','Adam Firdaus',NULL,'2025-06-09 16:33:56.971703',2,2,2,'cash','Completed',NULL);
INSERT INTO app_order VALUES(64,40910,'Paid','manual','Adam Firdaus',NULL,'2025-06-09 16:37:51.914940',2,2,1,'cash','Completed',NULL);
INSERT INTO app_order VALUES(65,28928,'Paid','manual','Adam Firdaus',NULL,'2025-06-09 16:38:13.304497',2,2,1,'cash','Completed',NULL);
INSERT INTO app_order VALUES(66,108490,'Pending','qr_scan','','085156234411','2025-06-09 16:47:26.845648',NULL,NULL,1,'cash','Completed','Adam Firdaus');
INSERT INTO app_order VALUES(67,14122,'Pending','manual','Adam',NULL,'2025-06-09 18:07:26.674638',2,2,NULL,'cash','Processing',NULL);
INSERT INTO app_order VALUES(68,53576,'Paid','manual','Dampir',NULL,'2025-06-09 18:10:25.868887',2,2,3,'cash','Completed',NULL);
INSERT INTO app_order VALUES(69,29612,'Paid','manual','Adam Firdaus',NULL,'2025-06-09 18:36:31.331173',2,2,2,'cash','Completed',NULL);
INSERT INTO app_order VALUES(70,28928,'Pending','manual','',NULL,'2025-06-09 18:37:35.332641',2,2,NULL,'cash','Processing',NULL);
INSERT INTO app_order VALUES(71,14122,'Paid','manual','Adam',NULL,'2025-06-09 18:37:51.890975',2,2,1,'cash','Completed',NULL);
INSERT INTO app_order VALUES(72,53576,'Paid','manual','Putra',NULL,'2025-06-09 18:40:52.489373',2,2,3,'cash','Completed',NULL);
INSERT INTO app_order VALUES(73,34216,'Pending','qr_scan','','085156234411','2025-06-09 18:58:29.365306',NULL,NULL,2,'cash','Processing','Adam Firdaus');
INSERT INTO app_order VALUES(74,14122,'Paid','manual','Putra',NULL,'2025-06-09 18:59:59.097339',2,2,2,'cash','Completed',NULL);
INSERT INTO app_order VALUES(75,13201,'Paid','manual','Putra',NULL,'2025-06-09 19:03:04.201699',2,2,1,'cash','Processing',NULL);
INSERT INTO app_order VALUES(76,14806,'Paid','manual','BRE',NULL,'2025-07-08 12:45:39.622544',2,2,2,'cash','Processing',NULL);
CREATE UNIQUE INDEX `django_content_type_app_label_model_76bd3d3b_uniq` ON `django_content_type` (`app_label`, `model`);
CREATE UNIQUE INDEX `auth_group_permissions_group_id_permission_id_0cd325b0_uniq` ON `auth_group_permissions` (`group_id`, `permission_id`);
CREATE INDEX `auth_group_permissions_group_id_b120cbf9` ON `auth_group_permissions` (`group_id`);
CREATE INDEX `auth_group_permissions_permission_id_84c5c92e` ON `auth_group_permissions` (`permission_id`);
CREATE UNIQUE INDEX `auth_permission_content_type_id_codename_01ab375a_uniq` ON `auth_permission` (`content_type_id`, `codename`);
CREATE INDEX `auth_permission_content_type_id_2f476e4b` ON `auth_permission` (`content_type_id`);
CREATE UNIQUE INDEX `app_customuser_groups_customuser_id_group_id_a5a0ca22_uniq` ON `app_customuser_groups` (`customuser_id`, `group_id`);
CREATE INDEX `app_customuser_groups_customuser_id_164d073f` ON `app_customuser_groups` (`customuser_id`);
CREATE INDEX `app_customuser_groups_group_id_47e49ebd` ON `app_customuser_groups` (`group_id`);
CREATE UNIQUE INDEX `app_customuser_user_permissions_customuser_id_permission_id_22e31019_uniq` ON `app_customuser_user_permissions` (`customuser_id`, `permission_id`);
CREATE INDEX `app_customuser_user_permissions_customuser_id_4bcbaafb` ON `app_customuser_user_permissions` (`customuser_id`);
CREATE INDEX `app_customuser_user_permissions_permission_id_c5920c75` ON `app_customuser_user_permissions` (`permission_id`);
CREATE INDEX `app_orderdetail_order_id_04d70173` ON `app_orderdetail` (`order_id`);
CREATE INDEX `app_orderdetail_product_id_f68d1331` ON `app_orderdetail` (`product_id`);
CREATE INDEX `app_cart_user_id_2bf07879` ON `app_cart` (`user_id`);
CREATE INDEX `app_cart_product_id_a4171918` ON `app_cart` (`product_id`);
CREATE INDEX `django_admin_log_content_type_id_c4bce8eb` ON `django_admin_log` (`content_type_id`);
CREATE INDEX `django_admin_log_user_id_c564eba6` ON `django_admin_log` (`user_id`);
CREATE INDEX `django_session_expire_date_a5c62663` ON `django_session` (`expire_date`);
CREATE INDEX `app_order_kasir_id_a56b3a26` ON `app_order` (`kasir_id`);
CREATE INDEX `app_order_user_id_f25a9fc4` ON `app_order` (`user_id`);
CREATE INDEX `app_order_table_id_e1471991` ON `app_order` (`table_id`);